strong,diminish,tag,sentence,source
32.88,67.12,diminishing,A backup seat and a backup computer have been assigned to you.,Enron email
56.93,43.07,strong,Please read this communication in detail.,Enron email
16.85,83.15,diminishing,Purpose: Net Works has developed a backup plan for possible work stoppages after moving to the new building.,Enron email
19.45,80.55,diminishing,A wider business continuity plan will be rolled out next year.,Enron email
41.04,58.96,diminishing,"Location: Large areas of the 30th and 31st floors of the current building, Enron Center North, will be set aside for recovery purposes.",Enron email
77.12,22.88,strong,Your name has been put on the list and you will be notified once the seat assignments are finalized.,Enron email
35.58,64.42,diminishing,Locations will also be posted at the entryways on the 30th and 31st floors.,Enron email
85.19,14.81,strong,"Through November, backup seats assignments will be announced as each trading group moves to the new building.",Enron email
67.75,32.25,strong,The backup seats will be available at least to January 1st.,Enron email
2.89,97.11,diminishing,Test times to try the backup PC and to familiarize yourself with your backup location will be announced by the IT team as the locations are finished.,Enron email
9.95,90.05,diminishing,Only regular phones will be available.,Enron email
0.19,99.81,diminishing,"For those with speed dial phones, the IT team will download the numbers and leave them on a piece of paper at your seat assignment.",Enron email
3.53,96.47,diminishing,"Because the numbers change frequently, we ask that you rely on keeping track of the numbers yourself and use the number lists as a last resort.",Enron email
12.4,87.6,diminishing,The IT team is not responsible for non-technical or special needs.,Enron email
26.61,73.39,diminishing,"If you rely on hard copy forms, address books, etc, you will need to be sure to leave appropriate supplies when you test the computer, or bring supplies along if you are asked to move to your backup seat.",Enron email
0.22,99.78,diminishing,The backup floor is not meant as a backup day-to-day work environment.,Enron email
0.76,99.24,diminishing,"To keep the equipment functioning and secure, we plan to limit access except for test times and if we need to invoke the plan because of a work stoppage.",Enron email
97.51,2.49,strong,The plan will be as follows: I.,Enron email
99.99,0.01,strong,During regular business hours A.,Enron email
0.97,99.03,diminishing,You will be notified via the PA system if you need to move to the backup location.,Enron email
20.55,79.45,diminishing,"If an obvious problem like a fire or power shutdown occurs, for example, all personnel with a seat assignment will be expected to make their way to their backup seat without notification.",Enron email
72.28,27.72,strong,"After hours For after hours issues, greeters will announce the move to the backup location as people arrive to work.",Enron email
1.99,98.01,diminishing,E-mails and voice mails will also be distributed.,Enron email
0.2,99.8,diminishing,"Ladies, I will be out for a day of vacation",Enron email
61.59,38.41,strong,"Russell, Best wishes & much success on your new endeavor -- it was a pleasure working with you.",Enron email
0.01,99.99,diminishing,"Kay, The ""Financial Trading Database"" under Lotus Notes would be the definitive source regarding the Intercompany Master Agreements.",Enron email
0.01,99.99,diminishing,Let me know if you want be conduct such search.,Enron email
0.01,99.99,diminishing,"Sara, Please advise if I may be of assistance -- I believe this request requires a lawyers attention.",Enron email
0.02,99.98,diminishing,"Bob, As mentioned in my voice mail -- I can meet with you anytime this afternoon -- how about 3:30pm.",Enron email
0.19,99.81,diminishing,"Bob, I will see you in your office @ 3:30pm",Enron email
0.2,99.8,diminishing,"Diane or Patrick, Please email or provide hard copies of the Confirmation(s) ENA has with the captioned counterparty.",Enron email
0,100,diminishing,"Diane, Thanks for confirming that the trades were with ECTRIC and not ENA -- thats what I had thought.",Enron email
7.54,92.46,diminishing,Yes-- please furnish copies of the confirms for the 2 deals to me.,Enron email
2.5,97.5,diminishing,"Diane, As for the RMT matter the request is as follows: 1.",Enron email
84.8,15.2,strong,"Lives Deal as of November 30, 2001 2.",Enron email
94.92,5.08,strong,"Expired Deals since November 30, 2001 3.",Enron email
95.74,4.26,strong,"New Deals since November 30, 2001 Thanks for the help.",Enron email
2.37,97.63,diminishing,"Kay, Will deliver to you shortly.",Enron email
0.03,99.97,diminishing,"Diane, Please advise if there are any financial transactions between ENA & the captioned counterparty.",Enron email
74.66,25.34,strong,"Thanks Cordially,",Enron email
0.01,99.99,diminishing,"Diane, My request was for the financial deals.",Enron email
0,100,diminishing,But if you have access to the physical RMT/Intercompany -- I would like those too.,Enron email
0.35,99.65,diminishing,"Diane, Please advise if the financial transactions with the captioned counterparty were confirmed with ENA or ECTRIC??",Enron email
0.61,99.39,diminishing,If the transactions were ONLY confirmed with ECTRIC -- were they confirmed under the ISDA dtd.,Enron email
92.03,7.97,strong,Thanks for the help.,Enron email
4.07,95.93,diminishing,"Paul, Both ENA and ECTRIC have a master agreement in place with Morgan Stanley Capital Group, Inc., as follows: 1.",Enron email
0.01,99.99,diminishing,"ENA's is Master Agreement dated effective as of June 16, 1992, and which has been amended over time.",Enron email
0,100,diminishing,"ECTRIC's is an ISDA Master Agreement dated effective as of August 29, 1997.",Enron email
0.49,99.51,diminishing,As for your inquiry concerning nettting agreements -- Morgan Stanley has no master netting arrangements with either ENA or ECTRIC.,Enron email
8.58,91.42,diminishing,Hard copies of the aformentioned agreements will be faxed to you today.,Enron email
0.73,99.27,diminishing,"Gerald or Stacy, Can one of you handle the request made below.",Enron email
0.03,99.97,diminishing,I am not familar with your GISB documents.,Enron email
5.21,94.79,diminishing,"Richard, Per Sara'as request, please find attached a List of Master Agreements for Enron's Domestic Affiliates: Please be advised, this List was included in a binder of materials distributed to E&Y.",Enron email
6.43,93.57,diminishing,"Melissa, Set forth below is the list we discussed.",Enron email
90.02,9.98,strong,First determine if there is a physical power relationship with each counterparty listed.,Enron email
82.52,17.48,strong,"If so, please furnish confirms or a listing that evidence the following requests: 1.",Enron email
0.06,99.94,diminishing,"Live Deals as of November 30, 2001 2.",Enron email
15.14,84.86,diminishing,"New Deals since November 30, 2001 This request must be handled on an expedited, ASAP basis.",Enron email
37.96,62.04,diminishing,"Patrick, Please furnish a hard copy of each of the swap confirmations for: Deal Nos.",Enron email
0.77,99.23,diminishing,V48090.1 & V48242.1 These deals were referenced by the Counterparty.,Enron email
40.47,59.53,diminishing,"However, there may be additional confirmations for other financial transactions, therefore, please those confirmations as well (if any).",Enron email
63.73,36.27,strong,Thank for all the help.,Enron email
0.08,99.92,diminishing,"Ellen, Please check to see if there are any ""live"" physical deals with the captioned counterparty.",Enron email
0.17,99.83,diminishing,"If so, please provide a hard copy of the confirmation(s) evidencing such deals.",Enron email
23.78,76.22,diminishing,"I wuld appreciate receipt of such confirmations by Wednesday, February 6th.",Enron email
12.19,87.81,diminishing,Many thanks for all your help.,Enron email
0,100,diminishing,"Ellen, Yes, that is their actual name.",Enron email
0,100,diminishing,I guess they have not done any physical deals.,Enron email
0.89,99.11,diminishing,"Ellen, I have just found out that US Brick may also transact business under the name Tiffany Brick Company, L.P.",Enron email
1.21,98.79,diminishing,So please conduct another search under that name.,Enron email
0.54,99.46,diminishing,"And if there are confirms, please furnish the hard copies to me.",Enron email
0,100,diminishing,"Guys, Also conduct the search under the name of Tiffany Brick Company, L.P. as we have just found out that the confirms may be under that name.",Enron email
12.81,87.19,diminishing,"All, Attached is the most recent working list of the Confirmation Desk members which will be remain with the Enron Estate.",Enron email
12.24,87.76,diminishing,"Cordially, Susan S. Bailey Enron North America Corp. 1400 Smith Street, Suite 3803A Houston, Texas",Enron email
0.27,99.73,diminishing,"Mary Nell & Ted, As discussed, attached is an individual ""Master Log"" for: (a) ECTRIC, (b) EFET/EEFTL, and (c) Enron Credit Limited/Enron Credit Inc. Each Master Log was based on Houston's Termination Log as of 2-11-02.",Enron email
55.66,44.34,strong,"In reviewing the respective Master Logs you will notice that: (a) the attached Master Logs include some of the same entries -- because the termination letter may have related to various Enron affiliates; (b) each of the attached Master Logs includes some counterparties also represented on the London Log entitled ""Schedule of Claims"" - because in many cases the Enron entity was not identified in the London Log; and (c) the following Tab Numbers (being the number that appears in the London Log) represent those counterparties which appear as a counterparty entry in one or more of the attached Master Logs and those counterparty entries on the London Log need to be identified with one or more of the attached Master Logs: Tab No.",Enron email
77.92,22.08,strong,1-3 5-8 14-16B 19 21& 22 27 &28 31-40 41 (Nordea Bank Finland Plc) 42 44 47-50 52-54 72 79-84 88-90 99 106 109 116 You are receiving all notices relating to the U.K. Enron entities and can update/maintain the attached Master Logs accordingly.,Enron email
0,100,diminishing,Please let me or Sara know if you have any questions or need additional assistance.,Enron email
9.32,90.68,diminishing,"All, Set forth below is the list of the Non-Terminated Top Ten Counterparties, where Enron is In-The-Money.",Enron email
4.76,95.24,diminishing,"First determine where if applicable in your respective confirm worlds whether the appropriate Enron affiliate has a (i) physical gas, coal, steel, pulp & paper, lumber & etc.",Enron email
53.65,46.35,strong,"New Deals since November 30, 2001 This request must be handled on an expedited -- ASAP basis to be furnished by Monday, February 4th.",Enron email
0.02,99.98,diminishing,"Diane, I too noted that BP Capital Energy Fund L.P. had terminated by mutual termination; however, include them on your list for the time being.",Enron email
0,100,diminishing,FYI: thanks for including Melissa -- I had sent her a separate email as we had spoken over the phone concerning the project request.,Enron email
0,100,diminishing,"Diane, I think its great that you asked Melissa -- it would be fine if your lists are intergrated, that would be great.",Enron email
8.94,91.06,diminishing,"Rhonda, Thanks for the reports.",Enron email
0.52,99.48,diminishing,"But I will need copies of the confirmations for any live deals relating to: Puget Sound Energy, Inc. Nevada Power Company TXU Energy Trading Company Virginia Electric & Power Co.",Enron email
61.64,38.36,strong,"Select Energy, Inc.",Enron email
0.24,99.76,diminishing,"Diane, As mentioned in my voice-mail, attached is the list of all Intercompany Financial Agreements.",Enron email
0.01,99.99,diminishing,Some intercompany arrangements were entered into before the creation of RMT.,Enron email
30.55,69.45,diminishing,Those agreements have been bolded for your convenience.,Enron email
5.57,94.43,diminishing,"You will need to search those for live confirmations as well: Cordially,",Enron email
6.35,93.65,diminishing,"Kerri, As discussed, set forth below is the list of the Non-Terminated Top Ten Counterparties, where Enron is In-The-Money.",Enron email
26.62,73.38,diminishing,"First determine where if applicable in your respective confirm world whether the appropriate Enron affiliate has a (i) physical power, or (ii) financial power relationship with each of the counterparties listed.",Enron email
86.66,13.34,strong,"If so, please furnish a listing that evidences the following requests: 1.",Enron email
33.2,66.8,diminishing,"New Deals since November 30, 2001 Also, please furnish a hard copy of all live confirmations under request #1 above.",Enron email
30.11,69.89,diminishing,I beleive that Melissa has already furnished the physical power confirms for those mentioned above.,Enron email
4.78,95.22,diminishing,"However, ask her if she has searched for financial power deals.",Enron email
0.04,99.96,diminishing,If not we will need these for any of the above-mentioned.,Enron email
16.28,83.72,diminishing,"Kerri, As discussed, set forth below is the list of the ""Second -Tier"" group of Non-Terminated Top Ten Counterparties, where Enron is In-The-Money.",Enron email
1.27,98.73,diminishing,"Many thanks, SECOND TIER GROUP: Here's the second tier of counterparties to add to the data retrieval list: (11) Medianews Group, Inc. (12) Macromedia Incorporated (13) British Airways plc (14) Merced Irrigation District (15) Eugene Water & Electric Board (16) Johns Manville INternational, Inc. (17) Public Service Company of Colorado (18) James Hardie Australia Finance Pty Ltd (19) Knight-Ridder, Inc. (20) Airtran Holdings, Inc. Cordially,",Enron email
0.13,99.87,diminishing,"Patricia, Please see that authority is granted to me with respect to Live Link: Login ID: sbaile2 Password: bai10ley Thanks.",Enron email
0,100,diminishing,"Alan, I have yet to compile these agreements into a binder, as they were not organized upon my receipt.",Enron email
0.19,99.81,diminishing,I will provide copies of the agreements to you shortly.,Enron email
0.13,99.87,diminishing,I have left Tom Moran a voice-mail and hope to hear from him today -- so we can confirm that we have all pre-petition mutual terminations.,Enron email
0.01,99.99,diminishing,"Kerri, Please deliver what you have, so we can start with those.",Enron email
0.02,99.98,diminishing,My location is ECN 3803A.,Enron email
2.43,97.57,diminishing,"Guys, Esmeralda will be out sick today -- Tuesday, February 12th.",Enron email
5.83,94.17,diminishing,"Suzanne, I have NO exceptions for the time period covering February 1-15.",Enron email
0,100,diminishing,"Barbara, No I have not.",Enron email
0.09,99.91,diminishing,"Sara, I have prepared the 3 individual Master Logs for the relevant Enron affiliates managed out of the London office (ECTRIC, Enron Credit & EFET).",Enron email
0.29,99.71,diminishing,"You said you would help me craft my email message to Ted & Mary Nell, so I have attached my proposed message.",Enron email
0.61,99.39,diminishing,I look forward to your response and the revised message.,Enron email
0,100,diminishing,"Esmeralda, Please handle this matter for me.",Enron email
0,100,diminishing,"Esmeralda, Please process this matter for me, so I can use the LiveLink Directory.",Enron email
3.49,96.51,diminishing,"Nony, Set forth below are those Payment Netting Agreements that (a) you did not have in your possession, or (b) fully-executed versions were not available.",Enron email
0.04,99.96,diminishing,Many were in the hands of Credit--have you tracked these down and are any or all of them now available???,Enron email
7.6,92.4,diminishing,"Amoco Production Company Net Settlement Agreement dated effective as of August 1, 2001, by and between Amoco Production Company and Enron Reserve Acquisition Corp. [Executed copy is not available.",Enron email
45.95,54.05,diminishing,Credit coordinated the execution process and is looking for an executed copy.],Enron email
9.78,90.22,diminishing,"Anadarko Energy Services Company Netting Agreement dated effective as of , 2001, by and between Anadarko Energy Services Company and Enron Reserve Acquisition Corp. [Executed copy is not available.",Enron email
55.29,44.71,strong,Credit coordinated the execution process and is reviewing the credit records to determine if Anadarko agreed to ERAC's changes and such agreement was executed.],Enron email
8.61,91.39,diminishing,"BP Oil Supply Company Net Settlement Agreement dated effective as of August 1, 2001, by and between BP Oil Supply Company and Enron Reserve Acquisition Corp. [Executed copy is not available.",Enron email
2.38,97.62,diminishing,"Coastal States Trading Company Net Settlement Agreement dated effective as of , by and between Coastal States Trading Company and Enron Reserve Acquisition Corp. [Credit is looking for executed copy, agreement was executed in mid-November 2001.]",Enron email
62.43,37.57,strong,"Genesis Crude Oil, L.P. Netting Agreement dated effective as of January 1, 2001, by and between Genesis Crude Oil, L.P. and Enron Reserve Acquisition Corp. [Credit is looking for executed copy.",Enron email
29.61,70.39,diminishing,"The agreement was executed in March-April, 2001.]",Enron email
44.54,55.46,diminishing,"Navajo Refining Company Netting Agreement dated effective as of November 1, 2001, by and between Navajo Refining Company and Enron Reserve Acquisition Corp. [Partial execution copy - executed by Enron on 11/27/01.",Enron email
38.93,61.07,diminishing,Credit is looking for fully executed copy.],Enron email
8.74,91.26,diminishing,"Statoil Marketing & Trading (US) Inc. Netting Agreement dated effective as of , 2001, by and between Statoil Marketing & Trading (US) Inc. and Enron Reserve Acquisition Corp. [Executed copy is not available.]",Enron email
10.21,89.79,diminishing,"Unocal Energy Trading Inc. Netting Agreement dated effective as of November 15, 2001, by and between Unocal Energy Trading Inc. and Enron Reserve Acquisition Corp. [Partial execution copy -executed by Enron on 11/20/01.",Enron email
13.72,86.28,diminishing,"Williams Energy Marketing & Trading Company Netting Agreement dated effective as of October 1, 2001, by and between Williams Energy Marketing & Trading Company and Enron Reserve Acquisition Corp. [Partial execution copy -executed by Enron on 11/20/01.",Enron email
60.44,39.56,strong,"Williams Refining & Marketing, L.L.C.",Enron email
99.81,0.19,strong,"Netting Agreement dated effective as of October 1, 2001, by and between Williams Refining & Marketing, L.L.C.",Enron email
0.42,99.58,diminishing,and Enron Reserve Acquisition Corp. [Partial execution copy -executed by Enron on 11/20/01.,Enron email
0.18,99.82,diminishing,I look forward to your response and thanks for all the help.,Enron email
0,100,diminishing,"Steve, I have not laughed so hard in long time.",Enron email
82.77,17.23,strong,Thanks for the refreshing message.,Enron email
0.72,99.28,diminishing,Several definately reminded me of Suggie.,Enron email
99.94,0.06,strong,Love you.,Enron email
0.56,99.44,diminishing,"Stephanie, Please add the following individuals set forth below to list of recipients to receive the Master Termination Log.",Enron email
3,97,diminishing,"Also, please add Steve Hall to that list.",Enron email
0,100,diminishing,"Alan, Sorry for the late response, but Tuesday, February 19th was my birthday, and with the Monday holiday I decided to take a few extra days off.",Enron email
15.15,84.85,diminishing,"But I am here today -- Thursday, February 21st.",Enron email
0,100,diminishing,"If you have not got someone else to complete this task, I will be very happy to help.",Enron email
16.12,83.88,diminishing,Let me know.,Enron email
0.15,99.85,diminishing,"Deb, I took a few days off, and am in the office today, February 21st.",Enron email
0.02,99.98,diminishing,I will look at your list and respond shortly.,Enron email
75.97,24.03,strong,"Tami, During the last week in January, I delivered to your League in-box the quarterly minutes for the ""The Periwinkle Foundation"", as well as my OBR questionnaire.",Enron email
8.57,91.43,diminishing,"Sara, As in our past exercises for the ""Non-Terminated/In-the-Money"" Counterparties, the Thiele-Kaolin Company continues to appear as a ""financial"" trading relationship.",Enron email
0.02,99.98,diminishing,"However, according to the Confirmation Desk there are only physical arrangements with this counterparty (as evidenced by our GTC docs).",Enron email
0.97,99.03,diminishing,I hope that Credit can resolve the mystery??,Enron email
0,100,diminishing,"Cutiest, Sorry for my absence -- but we have both been extremely busy lately with all the meetings going on.",Enron email
0,100,diminishing,"However, I just wanted you to know that you are always in my thoughts, even though we may not see each other.",Enron email
0,100,diminishing,"I have wanted to contact you for days, but there was never a free or good moment.",Enron email
0,100,diminishing,"Most of my group is gone this afternoon, so I had a chance to drop a line and check on how you are fairing.",Enron email
0.04,99.96,diminishing,I have received the news on the Boss and hope you are being taken care of -- since you have been a team for almost 25 years.,Enron email
0.03,99.97,diminishing,"Please lets not lose touch -- you & I have shared many good & bad times together and I do not want to lose my only ""sister"".",Enron email
99.68,0.32,strong,"Love you, Sciullo",Enron email
1.16,98.84,diminishing,"Tami, Thanks -- I am so glad you got my materials.",Enron email
0.03,99.97,diminishing,"Paul, I need your help -- please furnish an executed version of the ISDA Master Agreement dated effective August 16, 2000, between Enron Credit Limited and Royal Bank of Canada.",Enron email
0,100,diminishing,We are trying to work through some matters and a copy of this ISDA is essential.,Enron email
0,100,diminishing,An electronic version if available would be great.,Enron email
99.17,0.83,strong,Thanks again.,Enron email
0.23,99.77,diminishing,"Paul, I need to ask that you furnish an executed version of the ISDA Master Agreement dated effective March 6, 1998, between ECTRIC and J. Aron & Company.",Enron email
7.65,92.35,diminishing,"Leonard, WELCOME BACK !!!!!",Enron email
12.1,87.9,diminishing,Hope you and Dorothy had a pleasant trip to Germany???,Enron email
2.2,97.8,diminishing,Hope all is well with Kasie???,Enron email
0,100,diminishing,I would love to hear all about it.,Enron email
0,100,diminishing,"While you were gone, Maria Pirro contacted me -- she is with West Penn Appraisers, Inc. (""WPA"").",Enron email
0.04,99.96,diminishing,"She faxed their fee schedule relating to the various Sciullo Properties and signed off on my approval as to costs, so WPA is beginning their work.",Enron email
0.7,99.3,diminishing,FYI: I have sent to WPA the monies for the Burger King appraisal as well as the Willow Farms lots.,Enron email
3.69,96.31,diminishing,"However, there are some properties for which Four Star or Dan & I are not a party to.",Enron email
0.01,99.99,diminishing,"Therefore, the payment of those appraisals must be handled probably by you or my Dad.",Enron email
5.9,94.1,diminishing,"I will fax the WPA fee Schedule, so you know what properties constitute WPA's idea of the ""Sciullo Properties"".",Enron email
8.21,91.79,diminishing,"Once again, welcome back.",Enron email
0.53,99.47,diminishing,"Kelley, I will be unable to attend the Noon BOD meeting scheduled for March 6th, as I have a meeting conflict.",Enron email
8.14,91.86,diminishing,See you next time.,Enron email
0.36,99.64,diminishing,"Kien, Thanks for the follow-up; however, no Tech has called me nor reported to my desk.",Enron email
84.16,15.84,strong,"dona, your welcome!!",Enron email
0.88,99.12,diminishing,"when writing my card I could not seem to put better words together -- but you surely are ""one cool chick"".",Enron email
0,100,diminishing,"i will ask steve about the Phillips and Akers firm, but i believe the Akers is Brock Akers ""a former VE lawyer"".",Enron email
25.13,74.87,diminishing,hope your week is going well.,Enron email
0.03,99.97,diminishing,"i am looking forward to the weekend, as i am scheduled for a facial on saturday.",Enron email
0,100,diminishing,"take care, and lets get together soon -- maybe the weekend of march 9th.",Enron email
0.07,99.93,diminishing,"Jennifer, I have reviewed your list of counterparties and have determined which we have ISDA Master Agreements.",Enron email
0.01,99.99,diminishing,I will review those agreements this afternoon.,Enron email
0.39,99.61,diminishing,"However, we do not have a master agreement in place for the following counterparties: Rand-Whitney Container Board, L.P. Pacifica Paper (n/k/a Norske Skog Canada Limited) Lin Packaging (Lin Pac, Inc.) Dial Master Packaging (Master Packaging (N.B.)",Enron email
0,100,diminishing,"Inc. Sodra (Sodra Skogsagarna) Appleton Paper Boise Cascade Further, the following master agreements were negotiated out of London with the Enron affiliate -- Enron Capital & Trade International Corp. (""ECTRIC""): Caima (Companhia de Celulose do Caima) Let me know if you have any questions with the foregoing.",Enron email
1.31,98.69,diminishing,"E, Are we still maintaining a group calendar, if so, please note following for me on that calendar: Discretionary Day: Friday, March 29th Vacation Week: Monday, May 13th thru Friday, May 17th.",Enron email
93.93,6.07,strong,"Louis, I will include the ""Contract Type"" on the Demand Log for each of the counterparties listed below.",Enron email
0.22,99.78,diminishing,"All, Attached is the Demand Letter Log, which represents those non-terminated counterparties who received a demand letter regarding the payment of monies due to ENA for financial deals.",Enron email
0.01,99.99,diminishing,"Sara, Here is my request as sent to Tom Moran and Veronica Gonzalez.",Enron email
3.39,96.61,diminishing,I also forwarded this request to Beth Apollo so she could process it thru her channels.,Enron email
0.13,99.87,diminishing,TO DATE - NO RESPONSE FROM ANYONE.,Enron email
0,100,diminishing,"Paul, Could also help with request as well, whicb was originally directed to Paul Simons.",Enron email
88.71,11.29,strong,"Many thanks,",Enron email
0.28,99.72,diminishing,See you @ Little Pappasito's @1:00pm Saturday-- for margaritas & mexican food.,Enron email
0.09,99.91,diminishing,"Oh, before I forget -- I have a 4:00pm hair appointment, so that gives us plenty of time for a leisurely lunch.",Enron email
0,100,diminishing,Our usual place is just fine--unless there is a new place your interested in trying????,Enron email
0.33,99.67,diminishing,I am flexible too.,Enron email
18.83,81.17,diminishing,"Louis, I have entered into the Demand Log the cash payment information for the counterparties listed below.",Enron email
1.48,98.52,diminishing,"I have one question: According to the Cash Flow report -- the payment is noted from ""Williams Energy Services Company"", do we know for a fact that the monies relate to ENA's relationship with Williams Production RMT???",Enron email
72.13,27.87,strong,"Dona, Lets go with Sat.",Enron email
0.23,99.77,diminishing,"How about 1:00pm, or would early be better???",Enron email
0.02,99.98,diminishing,"Yes, I remembered that Lilly was coming for visit in March -- thanks for letting know the exact date.",Enron email
0,100,diminishing,"We must get together just the girls, as well as trying to see if Basil could join us for dinner, along with David & Steve.",Enron email
0.01,99.99,diminishing,"Dona, It has just dawned on me that I never got back to confirm which day this weekend we should rendevous.",Enron email
1.76,98.24,diminishing,I know that David will be out of town hunting and that you had proposed Friday -- drinks or Sat./Sun.,Enron email
0,100,diminishing,"If you have not made plans for Friday, I thought that would be fun to have a little happy hour--that would give me reason to leave early on Friday.",Enron email
98,2,strong,Look forward to your response.,Enron email
0,100,diminishing,"Maria, The correct phone number is: (716) 771-4739.",Enron email
13.17,86.83,diminishing,Sorry for the confusion.,Enron email
0,100,diminishing,"Tom or Veronica, As you know, prior to the bankruptcy filing ENA and/or EPMI entered into agreements with some of their trading counterparties, whereby the parties agreed to mutually terminate contracts and/or transactions, and wherein the parties agreed to termination amounts to be paid.",Enron email
33.46,66.54,diminishing,"In light of these pre-petition arrangements, please confim if the following termination payments were received by ENA or EPMI: Counterparty Termination Amount Due ENA or EPMI BP Capital Energy Equity International Holdings 1, Ltd. $ 541,000 BP Capital Energy Fund, L.P. $21,521,740 Constellation Power Source, Inc. $42,000,000 Energy Authority, Inc. (The) $724,333.25 International Paper Company $12,163,283 NUI Utilities, Inc. & NUI Energy Brokers, Inc. $42,900,000 T. Boone Pickens $ 7,063,860 Public Service Company of Colorado $ 6,000,000 Sempra Energy Trading Corp. $19,750,000; $25,000,000 & $2,500,000 PG&E Energy Trading-Power, L.P. $ 5,000,000 Sprague Energy Corp. $ 14,000 Thermo Cogeneration Partnership LP $ 274,396 UGI Utilities Inc. $ 1,460,000 Wells Fargo Bank, N.A.",Enron email
41.25,58.75,diminishing,"$ 43,638 & $32,280 I look forward to your response and many thanks for your help in this matter.",Enron email
0.43,99.57,diminishing,"Louis, I have entered the requested information relating to termination letters -- however, Whirlpool Corporation was not in default @ the time that the first batch of Demand Letters were sent out.",Enron email
0,100,diminishing,"Therefore, we would not yet be sending them a Termination Letter.",Enron email
0.01,99.99,diminishing,"In light of the foregoing, I guess if they are in default????",Enron email
1.5,98.5,diminishing,Should they now receive a Demand Letter???,Enron email
0.02,99.98,diminishing,"Michael, I will add these counterparties to the Demand Log -- as they may eventually become a defaulting party down the line.",Enron email
0,100,diminishing,"Going through it, I found three companies that are on our live list, however, not in your demand letter log.",Enron email
0.96,99.04,diminishing,The three are live and performing so no demand letter is necessary (thought you might want to add them).,Enron email
49.61,50.39,diminishing,Belco Oil & Gas DTE Energy Trading Texland Limited Partnerships Mike Bridges,Enron email
0.08,99.92,diminishing,"Angelo, Thanks--this may be obvious, but could you also confirm that this Invoice was for Williams Production RMT Company??",Enron email
4.06,95.94,diminishing,"All, I have confirmed that the following invoices for Williams Production RMT Company (""Williams""), were sent under ENA's Demand Letter dated March 1, 2002: Invoice Nos.",Enron email
0.79,99.21,diminishing,"020168809 0202142 020169166 01121094 01121761 Please note, the only Invoice not included with ENA's Demand Letter to Williams was: 0203094.",Enron email
57.41,42.59,strong,"Therefore, advise as to whether this invoice also relates to Williams and why it was not included with ENA's letter of March 1st.",Enron email
18.96,81.04,diminishing,"Further, please advise if the $7,686.87 interest check relates to all the invoices, including Invoice #0203094.",Enron email
0,100,diminishing,"Dona, I too was just thinking last night how nice it was to see you both days this past weekend--it felt like old times.",Enron email
1.09,98.91,diminishing,Once again Suggie and I want to thank you for letting us join you and the girls for the walk in the park.,Enron email
0,100,diminishing,Suggie really enjoyed herself and I am grateful that you all were so patient & kind to her.,Enron email
0,100,diminishing,She is really social and just loved being with the girls.,Enron email
0,100,diminishing,I am looking forward to Lilly's visit--so just let me know where to meet you all on Friday.,Enron email
2.21,97.79,diminishing,Thank David for his offer to run the Bear--we will certainly take him up on it.,Enron email
100,0,strong,Take care.,Enron email
0,100,diminishing,"Mark, Unfortunately, I know nothing about our NYMEX agreements as Mark Taylor & Tana Jones managed those agreements in Enron's better days.",Enron email
8.95,91.05,diminishing,Is this a type of form??,Enron email
0,100,diminishing,"Dona, Am looking forward to our plans to have drinks with Lilly-today.",Enron email
0,100,diminishing,Just let me know where to meet you all.,Enron email
0,100,diminishing,"I will need to go home first to check on Sugarbear, as Steve can not get home before 6:30pm.",Enron email
13.51,86.49,diminishing,"Edward, Attached is 4th part.",Enron email
26.71,73.29,diminishing,This is the final part.,Enron email
35.3,64.7,diminishing,"By receipt of this transmission, you are now in possession of all the electonic/pdf formatted Master Netting Agreements, which were included in the binder delivered to Raj last week.",Enron email
63.53,36.47,strong,One note of clarification -- I have provided the electronic/pdf version of the Florida Power & Light Company agreement.,Enron email
0,100,diminishing,"However, at the time the binder was delivered this agreement had not come my way; therefore, it is not included in the current binder is scheduled to be included a supplemental binder.",Enron email
0.02,99.98,diminishing,Please advise if I may be of further assistance.,Enron email
0.02,99.98,diminishing,"Dona, Ok as to evening drinks.",Enron email
0.18,99.82,diminishing,"As for Saturday, walking with Lilly while you get your hair done is a good idea.",Enron email
0.01,99.99,diminishing,"Lunch or something would work for me, but just remembered that I have a facial 4:30pm on Saturday.",Enron email
0.1,99.9,diminishing,"Dona, I had really great time, and hope the remainder of your weekend went well.",Enron email
0.03,99.97,diminishing,"I would love to join you all this week for drinks with the girls, just let me know the evening.",Enron email
0.01,99.99,diminishing,"I usually see my trainer on Tuesday & Thursday, but could skip Thursday if that would be one of the drink nights.",Enron email
0.01,99.99,diminishing,Also Bear & I would love to go walking again sometime before Lilly leaves.,Enron email
16.01,83.99,diminishing,"Tracie, Many thanks for the attachments.",Enron email
0.05,99.95,diminishing,They were most helpful and I was able to complete my task.,Enron email
98.46,1.54,strong,"Thanks again,",Enron email
28.15,71.85,diminishing,"Rhonda, Thanks for the Southern document.",Enron email
27.67,72.33,diminishing,Have you any word on the VEPCO document?,Enron email
93.13,6.87,strong,"Also, please furnish a list and copies of those agreements for Power relating to your arrangements concerning ""payment & close-out netting""",Enron email
7.62,92.38,diminishing,"Louis, A Demand Letter did go out to EOTT yesterday, March 20th.",Enron email
0.76,99.24,diminishing,This letter was sent by fax yesterday afternoon (March 20th) as well as having gone out by UPS last evening (March 20th).,Enron email
6.03,93.97,diminishing,"Guys, Please disregard the earlier message, which was sent prior to its completion.",Enron email
12.92,87.08,diminishing,This is the complete message.,Enron email
1.34,98.66,diminishing,"Gentlemen, Attached is the latest version to ENA's form of ""Schedule to ISDA Master Agreement"".",Enron email
43.13,56.87,diminishing,"This document has been upgraded to include our new ""set-off"" provision.",Enron email
0.1,99.9,diminishing,"For your convenience, I have attached a redlined version, so you can track the set-off language changes made therein.",Enron email
1.11,98.89,diminishing,"All, The Legal\Credit Meeting scheduled for Tuesday, November 20th--HAS BEEN CANCELED The next meeting will be held on Tuesday, December 4th.",Enron email
0.01,99.99,diminishing,"Dan, I agree as to your decision to complete the reimbursment for cell phones for year 2001.",Enron email
0,100,diminishing,"However, I will NOT use the Four Star card for gasoline purchases any longer, since Mr. D was opposed to this practice.",Enron email
47.29,52.71,diminishing,Hey -- have a HAPPY THANKSGIVING.,Enron email
99.94,0.06,strong,Love you.,Enron email
1.43,98.57,diminishing,"Stephanie, Please add Vladimir Gorny to your list of recipients of the ""Termination Log"".",Enron email
6.18,93.82,diminishing,Vladimir works with Jim Fallon & will be working with Ernst/Young to determine the valuations of the terminated relationships.,Enron email
0.01,99.99,diminishing,"Kelly, I have not provided you with an updated list, so I hope you used my one from last year--it should suffice.",Enron email
0.03,99.97,diminishing,"Also, please be advised, according to my duties as the Junior League's Outside Board Rep, I am not permitted to assist with any fund raising activities.",Enron email
11.3,88.7,diminishing,"Therefore, I will attend the Board meeting, but will not stay to write notes.",Enron email
0,100,diminishing,"Sara, Please let me know if the ISDA Master Agreement between RMT and Enron Japan Corp. is ready for execution.",Enron email
0.13,99.87,diminishing,The file is with you for your for initials.,Enron email
0,100,diminishing,You may not have initialed-off on the agreement yet -- because you were going to check with Mark as to possibly adding in the online language.,Enron email
0,100,diminishing,Let me know if I may be of assistance.,Enron email
